0,28 Jul 2018,Philadelphia Fusion,London Spitfire,+300,-455
0,21 Jul 2018,Los Angeles Valiant,London Spitfire,-120,-167
0,19 Jul 2018,Los Angeles Valiant,London Spitfire,-222,+156
0,19 Jul 2018,New York Excelsior,Philadelphia Fusion,-323,+242
0,14 Jul 2018,Los Angeles Gladiators,London Spitfire,-256,+184
0,14 Jul 2018,Boston Uprising,Philadelphia Fusion,-152,+110
0,14 Jul 2018,Boston Uprising,Philadelphia Fusion,+120,-161
0,12 Jul 2018,Los Angeles Gladiators,London Spitfire,-135,+106
0,12 Jul 2018,Boston Uprising,Philadelphia Fusion,-125,-102
0,18 Jun 2018,Los Angeles Valiant,New York Excelsior,+138,-189
0,17 Jun 2018,Dallas Fuel,New York Excelsior,+467,-1000
0,17 Jun 2018,Los Angeles Valiant,Los Angeles Gladiators,+100,-128
0,16 Jun 2018,Dallas Fuel,Los Angeles Valiant,+384,-556
0,16 Jun 2018,Los Angeles Gladiators,Seoul Dynasty,-385,+275
0,15 Jun 2018,Houston Outlaws,New York Excelsior,+168,-227
0,15 Jun 2018,New York Excelsior,Boston Uprising,-833,+438
0,15 Jun 2018,Florida Mayhem,London Spitfire,+1131,-2000
0,14 Jun 2018,Houston Outlaws,Philadelphia Fusion,+199,-270
0,14 Jun 2018,Seoul Dynasty,Dallas Fuel,-128,+159
0,14 Jun 2018,Los Angeles Valiant,San Francisco Shock,-312,+238
0,13 Jun 2018,Los Angeles Gladiators,Shanghai Dragons,-3333,+1169
0,09 Jun 2018,Philadelphia Fusion,Seoul Dynasty,-263,+202
0,09 Jun 2018,Florida Mayhem,Dallas Fuel,+252,-303
0,08 Jun 2018,Boston Uprising,Shanghai Dragons,-1000,+534
0,08 Jun 2018,San Francisco Shock,Philadelphia Fusion,-227,+168
0,08 Jun 2018,Los Angeles Gladiators,New York Excelsior,+700,-1667
0,07 Jun 2018,Los Angeles Valiant,London Spitfire,-200,+150
0,07 Jun 2018,Dallas Fuel,Houston Outlaws,-123,-106
0,07 Jun 2018,Shanghai Dragons,Florida Mayhem,+269,-370
0,06 Jun 2018,Seoul Dynasty,Boston Uprising,-185,+143
0,02 Jun 2018,London Spitfire,Dallas Fuel,-263,+195
0,02 Jun 2018,Boston Uprising,San Francisco Shock,+218,-294
0,02 Jun 2018,Florida Mayhem,Seoul Dynasty,+261,-357
0,01 Jun 2018,Houston Outlaws,Shanghai Dragons,-1667,+707
0,01 Jun 2018,Philadelphia Fusion,Los Angeles Gladiators,+135,-179
0,01 Jun 2018,San Francisco Shock,Dallas Fuel,-161,+123
0,31 May 2018,London Spitfire,Boston Uprising,-217,+165
0,31 May 2018,Los Angeles Valiant,Los Angeles Gladiators,+181,-238
0,31 May 2018,Seoul Dynasty,Shanghai Dragons,-1000,+526
0,30 May 2018,New York Excelsior,Philadelphia Fusion,-625,+379
0,27 May 2018,Dallas Fuel,Philadelphia Fusion,+299,-385
0,26 May 2018,Shanghai Dragons,New York Excelsior,+1250,-3333
0,26 May 2018,Seoul Dynasty,London Spitfire,+281,-400
0,26 May 2018,San Francisco Shock,Houston Outlaws,+168,-182
0,26 May 2018,New York Excelsior,Seoul Dynasty,-1111,+543
0,25 May 2018,Los Angeles Valiant,Boston Uprising,-455,+308
0,24 May 2018,Houston Outlaws,Los Angeles Gladiators,-149,+114
0,24 May 2018,Florida Mayhem,Los Angeles Valiant,+403,-455
0,23 May 2018,Boston Uprising,Dallas Fuel,-667,+470
0,19 May 2018,San Francisco Shock,Seoul Dynasty,+167,-222
0,19 May 2018,Boston Uprising,Houston Outlaws,+143,-185
0,18 May 2018,Dallas Fuel,Los Angeles Gladiators,+324,-500
0,18 May 2018,Houston Outlaws,London Spitfire,+139,-192
0,18 May 2018,New York Excelsior,Florida Mayhem,-1429,+725
0,17 May 2018,Boston Uprising,Philadelphia Fusion,-208,+159
0,17 May 2018,Dallas Fuel,Shanghai Dragons,+102,-141
0,17 May 2018,Seoul Dynasty,Los Angeles Valiant,-123,-108
0,16 May 2018,Los Angeles Gladiators,San Francisco Shock,-167,+125
0,06 May 2018,Los Angeles Valiant,Philadelphia Fusion,-154,+118
0,05 May 2018,Seoul Dynasty,Houston Outlaws,-109,-123
0,05 May 2018,Shanghai Dragons,London Spitfire,+711,-1250
0,05 May 2018,London Spitfire,Seoul Dynasty,-196,+156
0,05 May 2018,New York Excelsior,Shanghai Dragons,-2500,+961
0,04 May 2018,Los Angeles Gladiators,Boston Uprising,+167,-233
0,04 May 2018,Dallas Fuel,New York Excelsior,+1114,-3333
0,04 May 2018,Boston Uprising,Los Angeles Valiant,-256,+191
0,03 May 2018,San Francisco Shock,Florida Mayhem,-286,+216
0,03 May 2018,Houston Outlaws,San Francisco Shock,-200,+146
0,03 May 2018,Florida Mayhem,Los Angeles Gladiators,+276,-400
0,02 May 2018,Philadelphia Fusion,Dallas Fuel,-1111,+584
0,29 Apr 2018,Shanghai Dragons,Philadelphia Fusion,+760,-1667
0,28 Apr 2018,Seoul Dynasty,New York Excelsior,+247,-286
0,28 Apr 2018,San Francisco Shock,London Spitfire,+216,-294
0,28 Apr 2018,Los Angeles Valiant,Florida Mayhem,-263,+188
0,28 Apr 2018,Los Angeles Gladiators,Houston Outlaws,-111,-122
0,27 Apr 2018,Dallas Fuel,Boston Uprising,+719,-2000
0,27 Apr 2018,Seoul Dynasty,Philadelphia Fusion,+149,-200
0,27 Apr 2018,San Francisco Shock,New York Excelsior,+269,-370
0,26 Apr 2018,Los Angeles Gladiators,London Spitfire,+129,-169
0,26 Apr 2018,Dallas Fuel,Florida Mayhem,+252,-323
0,26 Apr 2018,Los Angeles Valiant,Houston Outlaws,-154,+116
0,25 Apr 2018,Shanghai Dragons,Boston Uprising,+761,-1250
0,22 Apr 2018,Houston Outlaws,Dallas Fuel,-526,+322
0,21 Apr 2018,New York Excelsior,Los Angeles Gladiators,-357,+248
0,21 Apr 2018,London Spitfire,Los Angeles Valiant,+106,-139
0,21 Apr 2018,Boston Uprising,Seoul Dynasty,-208,+149
0,21 Apr 2018,Florida Mayhem,Shanghai Dragons,-370,+252
0,20 Apr 2018,Philadelphia Fusion,San Francisco Shock,-556,+338
0,20 Apr 2018,Philadelphia Fusion,New York Excelsior,+181,-244
0,20 Apr 2018,Boston Uprising,London Spitfire,+102,-135
0,19 Apr 2018,Houston Outlaws,Florida Mayhem,-357,+258
0,19 Apr 2018,Shanghai Dragons,Seoul Dynasty,+822,-1667
0,19 Apr 2018,Dallas Fuel,San Francisco Shock,-105,-127
0,18 Apr 2018,Los Angeles Gladiators,Los Angeles Valiant,+158,-213
0,14 Apr 2018,Seoul Dynasty,Los Angeles Gladiators,-189,+138
0,14 Apr 2018,San Francisco Shock,Shanghai Dragons,-909,+463
0,13 Apr 2018,Los Angeles Valiant,Dallas Fuel,-435,+288
0,13 Apr 2018,Philadelphia Fusion,Houston Outlaws,-244,+177
0,12 Apr 2018,Boston Uprising,New York Excelsior,+225,-303
0,12 Apr 2018,Dallas Fuel,Seoul Dynasty,+319,-476
0,12 Apr 2018,San Francisco Shock,Los Angeles Valiant,+198,-263
0,11 Apr 2018,Shanghai Dragons,Los Angeles Gladiators,+692,-1111
0,07 Apr 2018,Houston Outlaws,Boston Uprising,-149,+104
0,07 Apr 2018,Florida Mayhem,Philadelphia Fusion,+227,-385
0,07 Apr 2018,Seoul Dynasty,San Francisco Shock,-238,+169
0,07 Apr 2018,Los Angeles Valiant,Shanghai Dragons,-1250,+607
0,06 Apr 2018,Los Angeles Gladiators,Dallas Fuel,-238,+170
0,06 Apr 2018,London Spitfire,Houston Outlaws,-323,+235
0,06 Apr 2018,Philadelphia Fusion,Boston Uprising,-141,+114
0,05 Apr 2018,Florida Mayhem,New York Excelsior,+686,-1429
0,05 Apr 2018,San Francisco Shock,Los Angeles Gladiators,+191,-263
0,05 Apr 2018,Los Angeles Valiant,Seoul Dynasty,+307,-476
0,04 Apr 2018,Shanghai Dragons,Dallas Fuel,+299,-435
0,24 Mar 2018,Boston Uprising,Los Angeles Gladiators,+152,-200
0,24 Mar 2018,Los Angeles Valiant,New York Excelsior,+387,-526
0,24 Mar 2018,Dallas Fuel,London Spitfire,+587,-909
0,24 Mar 2018,London Spitfire,Shanghai Dragons,-,+1750
0,24 Mar 2018,Philadelphia Fusion,Los Angeles Valiant,-294,+186
0,23 Mar 2018,Seoul Dynasty,Florida Mayhem,-769,+393
0,23 Mar 2018,San Francisco Shock,Boston Uprising,+175,-250
0,23 Mar 2018,New York Excelsior,Dallas Fuel,-2500,+1172
0,22 Mar 2018,Houston Outlaws,Seoul Dynasty,+392,-556
0,22 Mar 2018,Shanghai Dragons,Houston Outlaws,+900,-10000
0,22 Mar 2018,Florida Mayhem,San Francisco Shock,-111,-125
0,22 Mar 2018,Los Angeles Gladiators,Philadelphia Fusion,-118,-118
0,18 Mar 2018,Dallas Fuel,Philadelphia Fusion,+559,-714
0,18 Mar 2018,San Francisco Shock,Houston Outlaws,+221,-294
0,18 Mar 2018,Seoul Dynasty,London Spitfire,-143,+108
0,18 Mar 2018,Los Angeles Valiant,Boston Uprising,-104,-130
0,18 Mar 2018,London Spitfire,San Francisco Shock,-1429,+542
0,16 Mar 2018,Los Angeles Gladiators,Florida Mayhem,-500,+392
0,16 Mar 2018,Houston Outlaws,Los Angeles Gladiators,+185,-244
0,16 Mar 2018,Florida Mayhem,Los Angeles Valiant,+312,-417
0,16 Mar 2018,Shanghai Dragons,New York Excelsior,+1900,-10000
0,16 Mar 2018,Philadelphia Fusion,Shanghai Dragons,-1667,+725
0,16 Mar 2018,New York Excelsior,Seoul Dynasty,-137,+102
0,11 Mar 2018,Florida Mayhem,Dallas Fuel,+163,-222
0,10 Mar 2018,New York Excelsior,San Francisco Shock,-1429,+603
0,10 Mar 2018,London Spitfire,Los Angeles Gladiators,-909,+478
0,10 Mar 2018,Florida Mayhem,Houston Outlaws,+330,-476
0,10 Mar 2018,New York Excelsior,Philadelphia Fusion,-476,+326
0,09 Mar 2018,London Spitfire,Boston Uprising,-667,+412
0,09 Mar 2018,Boston Uprising,Shanghai Dragons,-625,+363
0,09 Mar 2018,Houston Outlaws,Los Angeles Valiant,-270,+198
0,08 Mar 2018,Philadelphia Fusion,Seoul Dynasty,+189,-263
0,08 Mar 2018,Los Angeles Valiant,Los Angeles Gladiators,-233,+179
0,08 Mar 2018,San Francisco Shock,Dallas Fuel,+183,-233
0,07 Mar 2018,Seoul Dynasty,Shanghai Dragons,-3333,+1264
0,03 Mar 2018,Shanghai Dragons,San Francisco Shock,+248,-345
0,03 Mar 2018,Houston Outlaws,New York Excelsior,+170,-238
0,03 Mar 2018,Philadelphia Fusion,London Spitfire,+204,-263
0,03 Mar 2018,Dallas Fuel,Los Angeles Valiant,-116,-112
0,03 Mar 2018,Los Angeles Gladiators,Seoul Dynasty,+419,-714
0,02 Mar 2018,Boston Uprising,Florida Mayhem,-476,+355
0,02 Mar 2018,New York Excelsior,Boston Uprising,-500,+334
0,02 Mar 2018,Houston Outlaws,Philadelphia Fusion,-256,+187
0,01 Mar 2018,Florida Mayhem,London Spitfire,+1057,-2500
0,01 Mar 2018,Los Angeles Gladiators,Shanghai Dragons,-526,+405
0,01 Mar 2018,Los Angeles Valiant,San Francisco Shock,-333,+244
0,28 Feb 2018,Seoul Dynasty,Dallas Fuel,-323,+438
0,25 Feb 2018,Shanghai Dragons,Los Angeles Valiant,+543,-1000
0,24 Feb 2018,Boston Uprising,Houston Outlaws,+192,-263
0,24 Feb 2018,Philadelphia Fusion,Florida Mayhem,-476,+328
0,24 Feb 2018,San Francisco Shock,Seoul Dynasty,+532,-1000
0,24 Feb 2018,Dallas Fuel,Los Angeles Gladiators,-116,+110
0,23 Feb 2018,London Spitfire,New York Excelsior,-145,+110
0,23 Feb 2018,Boston Uprising,Philadelphia Fusion,-244,+177
0,22 Feb 2018,Houston Outlaws,London Spitfire,+167,-233
0,22 Feb 2018,New York Excelsior,Florida Mayhem,-1667,+621
0,22 Feb 2018,Los Angeles Gladiators,San Francisco Shock,-200,+150
0,22 Feb 2018,Dallas Fuel,Shanghai Dragons,-625,+387
0,21 Feb 2018,Seoul Dynasty,Los Angeles Valiant,-172,+131
0,10 Feb 2018,Florida Mayhem,Philadelphia Fusion,+792,-2500
0,10 Feb 2018,Houston Outlaws,Boston Uprising,-185,+139
0,10 Feb 2018,New York Excelsior,London Spitfire,-175,+131
0,10 Feb 2018,Los Angeles Valiant,Shanghai Dragons,-2500,+791
0,10 Feb 2018,Seoul Dynasty,San Francisco Shock,-2000,+807
0,09 Feb 2018,Los Angeles Gladiators,Dallas Fuel,+187,+102
0,09 Feb 2018,London Spitfire,Houston Outlaws,+112,+148
0,08 Feb 2018,Florida Mayhem,New York Excelsior,+1311,-10000
0,08 Feb 2018,Philadelphia Fusion,Boston Uprising,+240,-286
0,08 Feb 2018,Los Angeles Valiant,Seoul Dynasty,+254,-385
0,08 Feb 2018,San Francisco Shock,Los Angeles Gladiators,-102,-112
0,07 Feb 2018,Shanghai Dragons,Dallas Fuel,+430,-625
0,03 Feb 2018,Boston Uprising,Los Angeles Valiant,+135,-175
0,03 Feb 2018,Dallas Fuel,New York Excelsior,+653,-1429
0,03 Feb 2018,Shanghai Dragons,London Spitfire,+1027,-5000
0,03 Feb 2018,Los Angeles Gladiators,Boston Uprising,+191,-263
0,03 Feb 2018,Seoul Dynasty,Houston Outlaws,-256,+191
0,02 Feb 2018,San Francisco Shock,Florida Mayhem,-294,+210
0,02 Feb 2018,London Spitfire,Seoul Dynasty,+208,-278
0,01 Feb 2018,New York Excelsior,Shanghai Dragons,-5000,+1096
0,01 Feb 2018,Philadelphia Fusion,Dallas Fuel,-172,+136
0,01 Feb 2018,Houston Outlaws,San Francisco Shock,-1111,+607
0,01 Feb 2018,Florida Mayhem,Los Angeles Gladiators,+330,-476
0,31 Jan 2018,Los Angeles Valiant,Philadelphia Fusion,-169,+129
0,27 Jan 2018,Los Angeles Gladiators,Houston Outlaws,+174,-233
0,27 Jan 2018,Los Angeles Valiant,Florida Mayhem,-1429,+711
0,27 Jan 2018,Dallas Fuel,Boston Uprising,+106,-139
0,27 Jan 2018,Dallas Fuel,San Francisco Shock,-270,+206
0,27 Jan 2018,Shanghai Dragons,Philadelphia Fusion,+747,-1667
0,26 Jan 2018,Seoul Dynasty,New York Excelsior,-256,+190
0,26 Jan 2018,Houston Outlaws,Florida Mayhem,-556,+353
0,25 Jan 2018,Philadelphia Fusion,New York Excelsior,+1025,-5000
0,25 Jan 2018,Los Angeles Gladiators,Los Angeles Valiant,+379,-625
0,25 Jan 2018,Shanghai Dragons,Seoul Dynasty,+1985,-
0,24 Jan 2018,San Francisco Shock,London Spitfire,+1092,-5000
0,20 Jan 2018,Boston Uprising,San Francisco Shock,-286,+204
0,20 Jan 2018,Los Angeles Gladiators,New York Excelsior,+600,-1250
0,20 Jan 2018,Los Angeles Valiant,London Spitfire,+313,-385
0,20 Jan 2018,London Spitfire,Dallas Fuel,-833,+480
0,20 Jan 2018,Shanghai Dragons,Florida Mayhem,+333,-526
0,19 Jan 2018,Seoul Dynasty,Boston Uprising,-1667,+692
0,19 Jan 2018,Philadelphia Fusion,Los Angeles Gladiators,-132,-101
0,18 Jan 2018,New York Excelsior,Los Angeles Valiant,-185,+138
0,18 Jan 2018,Dallas Fuel,Houston Outlaws,-233,+169
0,18 Jan 2018,Houston Outlaws,Shanghai Dragons,-909,+501
0,18 Jan 2018,Florida Mayhem,Seoul Dynasty,+1005,-3333
0,17 Jan 2018,San Francisco Shock,Philadelphia Fusion,+241,-357
0,13 Jan 2018,Seoul Dynasty,Los Angeles Gladiators,-769,+443
0,13 Jan 2018,New York Excelsior,Houston Outlaws,-323,+227
0,13 Jan 2018,London Spitfire,Philadelphia Fusion,-333,+229
0,13 Jan 2018,San Francisco Shock,Shanghai Dragons,-435,+316
0,13 Jan 2018,Florida Mayhem,Boston Uprising,-139,+110
0,12 Jan 2018,Los Angeles Valiant,Dallas Fuel,+171,-222
0,12 Jan 2018,Boston Uprising,New York Excelsior,+380,-769
0,11 Jan 2018,Philadelphia Fusion,Houston Outlaws,+143,-161
0,11 Jan 2018,London Spitfire,Florida Mayhem,-1667,+652
0,11 Jan 2018,Dallas Fuel,Seoul Dynasty,+413,-588
0,11 Jan 2018,Shanghai Dragons,Los Angeles Gladiators,+276,-370
0,10 Jan 2018,San Francisco Shock,Los Angeles Valiant,+250,-357
0,29 Sep 2019,Vancouver Titans,San Francisco Shock,+152,-204
0,15 Sep 2019,New York Excelsior,San Francisco Shock,+204,-278
0,14 Sep 2019,Hangzhou Spark,San Francisco Shock,+235,-323
0,13 Sep 2019,Vancouver Titans,New York Excelsior,-182,+138
0,13 Sep 2019,Los Angeles Gladiators,San Francisco Shock,+240,-476
0,12 Sep 2019,Atlanta Reign,Hangzhou Spark,-141,+106
0,08 Sep 2019,New York Excelsior,Atlanta Reign,+125,-139
0,08 Sep 2019,Vancouver Titans,Los Angeles Gladiators,-270,+199
0,08 Sep 2019,London Spitfire,San Francisco Shock,+400,-1250
0,07 Sep 2019,San Francisco Shock,Atlanta Reign,-385,+269
0,06 Sep 2019,New York Excelsior,London Spitfire,+110,-145
0,06 Sep 2019,Hangzhou Spark,Los Angeles Gladiators,-127,-103
0,05 Sep 2019,Vancouver Titans,Seoul Dynasty,-256,+188
0,31 Aug 2019,Seoul Dynasty,Guangzhou Charge,+160,-208
0,31 Aug 2019,London Spitfire,Shanghai Dragons,-208,+156
0,31 Aug 2019,Philadelphia Fusion,Shanghai Dragons,-110,-110
0,31 Aug 2019,Guangzhou Charge,Chengdu Hunters,-435,+305
0,26 Aug 2019,San Francisco Shock,Los Angeles Valiant,-435,+298
0,25 Aug 2019,New York Excelsior,Vancouver Titans,+261,-370
0,25 Aug 2019,Atlanta Reign,Boston Uprising,-1429,+645
0,25 Aug 2019,Hangzhou Spark,Shanghai Dragons,-278,+200
0,25 Aug 2019,Los Angeles Gladiators,Los Angeles Valiant,-130,+100
0,25 Aug 2019,San Francisco Shock,Vancouver Titans,-222,+162
0,24 Aug 2019,Boston Uprising,New York Excelsior,+378,-588
0,24 Aug 2019,Atlanta Reign,Dallas Fuel,-1429,+665
0,19 Aug 2019,Dallas Fuel,Guangzhou Charge,+500,-909
0,18 Aug 2019,Florida Mayhem,Toronto Defiant,-312,+227
0,18 Aug 2019,Paris Eternal,Washington Justice,+163,-217
0,18 Aug 2019,London Spitfire,Atlanta Reign,-125,-108
0,18 Aug 2019,Chengdu Hunters,Houston Outlaws,-189,+142
0,17 Aug 2019,Seoul Dynasty,Philadelphia Fusion,-385,+268
0,17 Aug 2019,Los Angeles Valiant,Boston Uprising,-833,+496
0,17 Aug 2019,Paris Eternal,Shanghai Dragons,+229,-312
0,17 Aug 2019,Los Angeles Gladiators,Hangzhou Spark,-323,+206
0,17 Aug 2019,Chengdu Hunters,San Francisco Shock,+459,-833
0,16 Aug 2019,Washington Justice,Atlanta Reign,-119,-112
0,16 Aug 2019,Seoul Dynasty,Shanghai Dragons,-154,+117
0,16 Aug 2019,Dallas Fuel,Hangzhou Spark,+264,-370
0,15 Aug 2019,Boston Uprising,Florida Mayhem,+289,-417
0,12 Aug 2019,Guangzhou Charge,New York Excelsior,+100,-132
0,11 Aug 2019,San Francisco Shock,Dallas Fuel,-714,+441
0,11 Aug 2019,Philadelphia Fusion,Vancouver Titans,+238,-526
0,11 Aug 2019,Washington Justice,Houston Outlaws,-357,+252
0,11 Aug 2019,Chengdu Hunters,Hangzhou Spark,-263,+198
0,10 Aug 2019,Florida Mayhem,Los Angeles Valiant,+156,-200
0,10 Aug 2019,Seoul Dynasty,Toronto Defiant,-435,+303
0,10 Aug 2019,Houston Outlaws,London Spitfire,+204,-278
0,10 Aug 2019,Hangzhou Spark,New York Excelsior,+172,-227
0,10 Aug 2019,San Francisco Shock,Shanghai Dragons,-244,+183
0,10 Aug 2019,Dallas Fuel,Los Angeles Gladiators,+408,-625
0,09 Aug 2019,Boston Uprising,Washington Justice,+287,-400
0,09 Aug 2019,Guangzhou Charge,Seoul Dynasty,-172,+129
0,09 Aug 2019,Toronto Defiant,Florida Mayhem,+150,-196
0,09 Aug 2019,Paris Eternal,Philadelphia Fusion,+172,-233
0,08 Aug 2019,London Spitfire,Vancouver Titans,+133,-175
0,04 Aug 2019,Chengdu Hunters,New York Excelsior,+250,-345
0,04 Aug 2019,Vancouver Titans,Washington Justice,-2000,+928
0,04 Aug 2019,Atlanta Reign,Houston Outlaws,-208,+150
0,04 Aug 2019,Philadelphia Fusion,Toronto Defiant,-227,+170
0,03 Aug 2019,Los Angeles Gladiators,San Francisco Shock,+242,-333
0,03 Aug 2019,Dallas Fuel,Los Angeles Valiant,+214,-286
0,03 Aug 2019,Florida Mayhem,London Spitfire,+794,-1667
0,03 Aug 2019,Atlanta Reign,Paris Eternal,-208,+158
0,03 Aug 2019,Guangzhou Charge,Hangzhou Spark,-137,+104
0,03 Aug 2019,Chengdu Hunters,Los Angeles Gladiators,+191,-256
0,03 Aug 2019,Houston Outlaws,Philadelphia Fusion,-179,+135
0,02 Aug 2019,New York Excelsior,Paris Eternal,-455,+308
0,02 Aug 2019,Los Angeles Valiant,Seoul Dynasty,-149,+114
0,02 Aug 2019,Shanghai Dragons,Toronto Defiant,-2000,+905
0,02 Aug 2019,Florida Mayhem,Washington Justice,+127,-167
0,01 Aug 2019,Guangzhou Charge,London Spitfire,+133,-175
0,28 Jul 2019,Boston Uprising,Chengdu Hunters,+263,-370
0,28 Jul 2019,Vancouver Titans,Florida Mayhem,-2000,+875
0,28 Jul 2019,London Spitfire,Toronto Defiant,-769,+471
0,28 Jul 2019,Shanghai Dragons,Seoul Dynasty,-192,+148
0,27 Jul 2019,Atlanta Reign,Hangzhou Spark,+186,-256
0,27 Jul 2019,Los Angeles Gladiators,Houston Outlaws,-455,+313
0,27 Jul 2019,Boston Uprising,Guangzhou Charge,+179,-244
0,27 Jul 2019,Paris Eternal,Los Angeles Valiant,+167,-227
0,27 Jul 2019,Philadelphia Fusion,Chengdu Hunters,-149,+114
0,27 Jul 2019,Seoul Dynasty,San Francisco Shock,+185,-250
0,27 Jul 2019,Dallas Fuel,London Spitfire,+202,-278
0,26 Jul 2019,Toronto Defiant,Washington Justice,-139,+106
0,26 Jul 2019,Shanghai Dragons,Vancouver Titans,-115,-116
0,26 Jul 2019,Guangzhou Charge,Philadelphia Fusion,-125,-106
0,26 Jul 2019,Los Angeles Gladiators,New York Excelsior,+160,-208
0,25 Jul 2019,Houston Outlaws,Paris Eternal,-204,+154
0,13 Jul 2019,Los Angeles Valiant,Hangzhou Spark,+147,-192
0,13 Jul 2019,Seoul Dynasty,San Francisco Shock,+445,-714
0,12 Jul 2019,Shanghai Dragons,New York Excelsior,+275,-400
0,12 Jul 2019,Houston Outlaws,Vancouver Titans,+713,-1429
0,07 Jul 2019,New York Excelsior,Toronto Defiant,-2500,+899
0,07 Jul 2019,Florida Mayhem,Atlanta Reign,+206,-278
0,07 Jul 2019,Washington Justice,Guangzhou Charge,+282,-400
0,07 Jul 2019,Philadelphia Fusion,Shanghai Dragons,+150,-196
0,06 Jul 2019,Guangzhou Charge,Shanghai Dragons,+378,-625
0,06 Jul 2019,Toronto Defiant,Atlanta Reign,+280,-400
0,06 Jul 2019,Philadelphia Fusion,Washington Justice,-476,+323
0,06 Jul 2019,Florida Mayhem,New York Excelsior,+1357,-5000
0,01 Jul 2019,Chengdu Hunters,Seoul Dynasty,+185,-250
0,30 Jun 2019,Houston Outlaws,Toronto Defiant,-400,+277
0,30 Jun 2019,London Spitfire,San Francisco Shock,+372,-588
0,30 Jun 2019,Shanghai Dragons,Guangzhou Charge,-476,+324
0,29 Jun 2019,Florida Mayhem,Hangzhou Spark,+565,-1000
0,29 Jun 2019,Boston Uprising,Philadelphia Fusion,+135,-179
0,29 Jun 2019,Dallas Fuel,New York Excelsior,+1164,-3333
0,29 Jun 2019,Houston Outlaws,Washington Justice,-526,+351
0,29 Jun 2019,Toronto Defiant,Los Angeles Gladiators,+642,-1250
0,29 Jun 2019,London Spitfire,Los Angeles Valiant,-128,-102
0,28 Jun 2019,San Francisco Shock,Chengdu Hunters,-2000,+863
0,28 Jun 2019,Paris Eternal,Seoul Dynasty,+298,-435
0,28 Jun 2019,Hangzhou Spark,Los Angeles Valiant,-164,+123
0,24 Jun 2019,Los Angeles Valiant,Vancouver Titans,+893,-2500
0,23 Jun 2019,Houston Outlaws,Florida Mayhem,-909,+524
0,23 Jun 2019,Boston Uprising,Paris Eternal,+170,-227
0,23 Jun 2019,Chengdu Hunters,Dallas Fuel,-167,+125
0,23 Jun 2019,Hangzhou Spark,Seoul Dynasty,-185,+139
0,22 Jun 2019,Toronto Defiant,Guangzhou Charge,+127,-172
0,22 Jun 2019,Atlanta Reign,Philadelphia Fusion,-154,+117
0,22 Jun 2019,London Spitfire,Washington Justice,-2500,+930
0,22 Jun 2019,Chengdu Hunters,Vancouver Titans,+1123,-5000
0,22 Jun 2019,Los Angeles Gladiators,Shanghai Dragons,-270,+200
0,22 Jun 2019,San Francisco Shock,Florida Mayhem,-10000,+1448
0,21 Jun 2019,London Spitfire,New York Excelsior,+455,-769
0,21 Jun 2019,Shanghai Dragons,Los Angeles Valiant,-526,+330
0,21 Jun 2019,Hangzhou Spark,Dallas Fuel,-909,+468
0,21 Jun 2019,Paris Eternal,Houston Outlaws,+211,-345
0,20 Jun 2019,San Francisco Shock,Boston Uprising,-10000,+1483
0,17 Jun 2019,Washington Justice,Los Angeles Gladiators,+1035,-5000
0,16 Jun 2019,Philadelphia Fusion,Boston Uprising,-137,+112
0,16 Jun 2019,Florida Mayhem,Paris Eternal,+326,-476
0,16 Jun 2019,San Francisco Shock,Seoul Dynasty,-357,+252
0,16 Jun 2019,Guangzhou Charge,Los Angeles Valiant,+110,-147
0,15 Jun 2019,Dallas Fuel,Vancouver Titans,+955,-2500
0,15 Jun 2019,Seoul Dynasty,Atlanta Reign,-270,+175
0,15 Jun 2019,Washington Justice,Hangzhou Spark,+789,-2000
0,15 Jun 2019,Los Angeles Gladiators,Philadelphia Fusion,-1429,+475
0,15 Jun 2019,Boston Uprising,Houston Outlaws,+131,-200
0,15 Jun 2019,Toronto Defiant,London Spitfire,+324,-476
0,14 Jun 2019,Paris Eternal,New York Excelsior,+735,-1667
0,14 Jun 2019,Hangzhou Spark,Vancouver Titans,+765,-2000
0,14 Jun 2019,Dallas Fuel,Chengdu Hunters,-476,+311
0,14 Jun 2019,Shanghai Dragons,Atlanta Reign,-123,-102
0,13 Jun 2019,Houston Outlaws,San Francisco Shock,+1002,-3333
0,09 Jun 2019,Vancouver Titans,Los Angeles Gladiators,-1000,+539
0,09 Jun 2019,Washington Justice,Dallas Fuel,+293,-417
0,09 Jun 2019,Paris Eternal,Boston Uprising,+143,-189
0,09 Jun 2019,New York Excelsior,London Spitfire,-278,+206
0,09 Jun 2019,Los Angeles Valiant,Chengdu Hunters,+143,-189
0,08 Jun 2019,Seoul Dynasty,Guangzhou Charge,-323,+231
0,08 Jun 2019,Vancouver Titans,Atlanta Reign,-2500,+839
0,08 Jun 2019,Hangzhou Spark,Philadelphia Fusion,-133,-101
0,08 Jun 2019,Los Angeles Gladiators,Dallas Fuel,-357,+246
0,08 Jun 2019,Houston Outlaws,New York Excelsior,+971,-3333
0,08 Jun 2019,Boston Uprising,London Spitfire,+175,-244
0,07 Jun 2019,Paris Eternal,Toronto Defiant,+192,-270
0,07 Jun 2019,Los Angeles Valiant,Shanghai Dragons,+235,-345
0,07 Jun 2019,Guangzhou Charge,Chengdu Hunters,+116,-156
0,07 Jun 2019,Florida Mayhem,Seoul Dynasty,+501,-909
0,06 Jun 2019,San Francisco Shock,Atlanta Reign,-2000,+831
0,12 May 2019,San Francisco Shock,Vancouver Titans,+129,-169
0,11 May 2019,New York Excelsior,Vancouver Titans,+163,-227
0,11 May 2019,San Francisco Shock,Hangzhou Spark,-2000,+894
0,11 May 2019,Dallas Fuel,Vancouver Titans,+1117,-5000
0,11 May 2019,New York Excelsior,Los Angeles Gladiators,-233,+171
0,10 May 2019,Hangzhou Spark,London Spitfire,+191,-256
0,10 May 2019,Shanghai Dragons,San Francisco Shock,+841,-2000
0,06 May 2019,Seoul Dynasty,Hangzhou Spark,-250,+185
0,05 May 2019,Shanghai Dragons,San Francisco Shock,+939,-2500
0,05 May 2019,Washington Justice,Boston Uprising,+421,-714
0,05 May 2019,Toronto Defiant,Paris Eternal,-127,-105
0,05 May 2019,Chengdu Hunters,Los Angeles Valiant,-294,+219
0,04 May 2019,Seoul Dynasty,Vancouver Titans,+582,-1111
0,04 May 2019,Atlanta Reign,New York Excelsior,+532,-1111
0,04 May 2019,London Spitfire,Houston Outlaws,-1667,+788
0,04 May 2019,Shanghai Dragons,Washington Justice,-833,+449
0,04 May 2019,Toronto Defiant,Vancouver Titans,+1213,-5000
0,04 May 2019,Boston Uprising,Los Angeles Gladiators,+394,-588
0,03 May 2019,Guangzhou Charge,Houston Outlaws,-263,+192
0,03 May 2019,Philadelphia Fusion,San Francisco Shock,+618,-1250
0,03 May 2019,Dallas Fuel,Florida Mayhem,-1000,+579
0,28 Apr 2019,Houston Outlaws,Dallas Fuel,+325,-476
0,28 Apr 2019,Seoul Dynasty,Los Angeles Valiant,-2000,+925
0,28 Apr 2019,Chengdu Hunters,London Spitfire,+449,-769
0,28 Apr 2019,Hangzhou Spark,Paris Eternal,-256,+183
0,27 Apr 2019,Los Angeles Valiant,Dallas Fuel,+165,-222
0,27 Apr 2019,Houston Outlaws,Seoul Dynasty,+539,-909
0,27 Apr 2019,Hangzhou Spark,Chengdu Hunters,-182,+134
0,27 Apr 2019,Paris Eternal,London Spitfire,+329,-500
0,22 Apr 2019,Atlanta Reign,Guangzhou Charge,-238,+179
0,21 Apr 2019,Hangzhou Spark,San Francisco Shock,+1002,-3333
0,21 Apr 2019,Houston Outlaws,Shanghai Dragons,+208,-286
0,21 Apr 2019,Vancouver Titans,Boston Uprising,-5000,+1261
0,21 Apr 2019,Los Angeles Gladiators,Chengdu Hunters,-417,+292
0,20 Apr 2019,Dallas Fuel,Seoul Dynasty,+133,-179
0,20 Apr 2019,Shanghai Dragons,Florida Mayhem,-476,+320
0,20 Apr 2019,London Spitfire,Boston Uprising,-250,+181
0,20 Apr 2019,Hangzhou Spark,Guangzhou Charge,-370,+272
0,20 Apr 2019,Los Angeles Valiant,Washington Justice,-294,+223
0,20 Apr 2019,Philadelphia Fusion,Houston Outlaws,-270,+200
0,19 Apr 2019,New York Excelsior,Atlanta Reign,-10000,+1532
0,19 Apr 2019,Vancouver Titans,Dallas Fuel,-2500,+1046
0,19 Apr 2019,Florida Mayhem,Los Angeles Gladiators,+686,-909
0,19 Apr 2019,San Francisco Shock,Toronto Defiant,-3333,+1060
0,18 Apr 2019,New York Excelsior,Philadelphia Fusion,-1667,+807
0,15 Apr 2019,Los Angeles Valiant,Los Angeles Gladiators,+752,-1250
0,14 Apr 2019,New York Excelsior,Florida Mayhem,-10000,+1396
0,14 Apr 2019,Atlanta Reign,Washington Justice,-294,+219
0,14 Apr 2019,Dallas Fuel,Paris Eternal,-213,+166
0,14 Apr 2019,Los Angeles Gladiators,Guangzhou Charge,-667,+378
0,13 Apr 2019,Dallas Fuel,Toronto Defiant,+112,-145
0,13 Apr 2019,Vancouver Titans,Houston Outlaws,-3333,+1084
0,13 Apr 2019,London Spitfire,Philadelphia Fusion,-133,+102
0,13 Apr 2019,Chengdu Hunters,Shanghai Dragons,-154,+119
0,13 Apr 2019,Guangzhou Charge,San Francisco Shock,+930,-2500
0,13 Apr 2019,Boston Uprising,Hangzhou Spark,-172,+129
0,12 Apr 2019,Los Angeles Valiant,Atlanta Reign,+254,-345
0,12 Apr 2019,Toronto Defiant,Philadelphia Fusion,-102,-130
0,12 Apr 2019,Vancouver Titans,Seoul Dynasty,-625,+383
0,12 Apr 2019,New York Excelsior,Washington Justice,-2000,+921
0,11 Apr 2019,Paris Eternal,Florida Mayhem,-312,+227
0,08 Apr 2019,Washington Justice,Chengdu Hunters,+292,-400
0,07 Apr 2019,Vancouver Titans,Hangzhou Spark,-909,+559
0,07 Apr 2019,Atlanta Reign,London Spitfire,+185,-244
0,07 Apr 2019,San Francisco Shock,Guangzhou Charge,-556,+428
0,07 Apr 2019,Chengdu Hunters,Paris Eternal,-118,-110
0,06 Apr 2019,New York Excelsior,Shanghai Dragons,-1111,+595
0,06 Apr 2019,Toronto Defiant,Boston Uprising,-175,+136
0,06 Apr 2019,Florida Mayhem,Philadelphia Fusion,+229,-312
0,06 Apr 2019,Los Angeles Valiant,Seoul Dynasty,+125,-156
0,06 Apr 2019,Los Angeles Gladiators,San Francisco Shock,+473,-667
0,06 Apr 2019,Washington Justice,Toronto Defiant,+308,-435
0,05 Apr 2019,London Spitfire,Florida Mayhem,-556,+359
0,05 Apr 2019,Guangzhou Charge,Paris Eternal,-189,+140
0,05 Apr 2019,Shanghai Dragons,Los Angeles Gladiators,+179,-244
0,05 Apr 2019,Boston Uprising,Atlanta Reign,-111,-119
0,04 Apr 2019,Philadelphia Fusion,New York Excelsior,+293,-417
0,24 Mar 2019,Vancouver Titans,San Francisco Shock,-417,+292
0,23 Mar 2019,Philadelphia Fusion,San Francisco Shock,+150,-200
0,23 Mar 2019,Seoul Dynasty,Vancouver Titans,+325,-476
0,23 Mar 2019,San Francisco Shock,Toronto Defiant,-145,+110
0,23 Mar 2019,Atlanta Reign,Philadelphia Fusion,+152,-200
0,22 Mar 2019,Boston Uprising,Vancouver Titans,+558,-1111
0,22 Mar 2019,Seoul Dynasty,New York Excelsior,+501,-500
0,17 Mar 2019,Guangzhou Charge,Vancouver Titans,+312,-435
0,17 Mar 2019,Houston Outlaws,Atlanta Reign,+154,-200
0,17 Mar 2019,Washington Justice,Florida Mayhem,+161,-208
0,17 Mar 2019,Philadelphia Fusion,Paris Eternal,-213,+162
0,16 Mar 2019,Atlanta Reign,Chengdu Hunters,-294,+217
0,16 Mar 2019,Boston Uprising,Dallas Fuel,+121,-159
0,16 Mar 2019,London Spitfire,Seoul Dynasty,-123,-106
0,16 Mar 2019,Washington Justice,Paris Eternal,+298,-435
0,10 Mar 2019,Vancouver Titans,Chengdu Hunters,-2000,+816
0,10 Mar 2019,Florida Mayhem,Boston Uprising,+156,-208
0,10 Mar 2019,London Spitfire,Shanghai Dragons,-500,+347
0,10 Mar 2019,Paris Eternal,San Francisco Shock,+218,-294
0,09 Mar 2019,Hangzhou Spark,Toronto Defiant,-149,+116
0,09 Mar 2019,Guangzhou Charge,Los Angeles Gladiators,+106,-139
0,09 Mar 2019,Seoul Dynasty,Washington Justice,-526,+351
0,09 Mar 2019,Los Angeles Valiant,Houston Outlaws,-105,-122
0,09 Mar 2019,Dallas Fuel,Shanghai Dragons,-143,+108
0,09 Mar 2019,New York Excelsior,San Francisco Shock,-400,+280
0,09 Mar 2019,Paris Eternal,Vancouver Titans,+357,-526
0,08 Mar 2019,Toronto Defiant,Chengdu Hunters,-455,+307
0,08 Mar 2019,Los Angeles Valiant,Philadelphia Fusion,+278,-400
0,08 Mar 2019,Atlanta Reign,Los Angeles Gladiators,-345,+245
0,03 Mar 2019,New York Excelsior,Seoul Dynasty,-588,+376
0,03 Mar 2019,Los Angeles Valiant,Guangzhou Charge,+112,-147
0,03 Mar 2019,Hangzhou Spark,Los Angeles Gladiators,+121,-159
0,03 Mar 2019,Boston Uprising,Toronto Defiant,-122,-108
0,02 Mar 2019,Shanghai Dragons,Dallas Fuel,-110,-116
0,02 Mar 2019,San Francisco Shock,Washington Justice,-588,+376
0,02 Mar 2019,Florida Mayhem,Houston Outlaws,+125,-164
0,02 Mar 2019,Paris Eternal,Atlanta Reign,-196,+150
0,02 Mar 2019,Shanghai Dragons,Chengdu Hunters,-152,+114
0,02 Mar 2019,Vancouver Titans,Los Angeles Valiant,-385,+275
0,02 Mar 2019,Toronto Defiant,New York Excelsior,+353,-526
0,01 Mar 2019,Los Angeles Gladiators,London Spitfire,+114,-152
0,01 Mar 2019,San Francisco Shock,Hangzhou Spark,-222,+163
0,01 Mar 2019,Florida Mayhem,Guangzhou Charge,+196,-270
0,01 Mar 2019,Seoul Dynasty,Boston Uprising,-238,+175
0,28 Feb 2019,Washington Justice,Philadelphia Fusion,+194,-270
0,24 Feb 2019,Vancouver Titans,San Francisco Shock,-128,-104
0,24 Feb 2019,Toronto Defiant,Los Angeles Valiant,+150,-204
0,24 Feb 2019,New York Excelsior,Houston Outlaws,-323,+239
0,24 Feb 2019,Hangzhou Spark,London Spitfire,-149,+112
0,23 Feb 2019,Chengdu Hunters,Florida Mayhem,+125,-164
0,23 Feb 2019,Vancouver Titans,Guangzhou Charge,-400,+276
0,23 Feb 2019,Philadelphia Fusion,Dallas Fuel,-238,+179
0,23 Feb 2019,Los Angeles Gladiators,Paris Eternal,+100,-132
0,23 Feb 2019,Houston Outlaws,Hangzhou Spark,+250,-357
0,23 Feb 2019,Shanghai Dragons,Boston Uprising,+183,-244
0,23 Feb 2019,New York Excelsior,Los Angeles Valiant,-263,+191
0,22 Feb 2019,Atlanta Reign,Toronto Defiant,-286,+208
0,22 Feb 2019,Seoul Dynasty,Chengdu Hunters,-222,+170
0,22 Feb 2019,Guangzhou Charge,Dallas Fuel,+131,-172
0,22 Feb 2019,Philadelphia Fusion,Florida Mayhem,-1250,+624
0,21 Feb 2019,Washington Justice,London Spitfire,+307,-455
0,17 Feb 2019,Seoul Dynasty,Dallas Fuel,-270,+199
0,17 Feb 2019,San Francisco Shock,Los Angeles Gladiators,-213,+161
0,17 Feb 2019,Philadelphia Fusion,Atlanta Reign,-250,+181
0,17 Feb 2019,Houston Outlaws,Boston Uprising,-101,-133
0,16 Feb 2019,Vancouver Titans,Shanghai Dragons,-270,+198
0,16 Feb 2019,Los Angeles Valiant,Hangzhou Spark,+106,-141
0,16 Feb 2019,Washington Justice,New York Excelsior,+566,-1111
0,16 Feb 2019,London Spitfire,Paris Eternal,-238,+175
0,16 Feb 2019,Chengdu Hunters,Guangzhou Charge,+426,-667
0,16 Feb 2019,Dallas Fuel,San Francisco Shock,+200,-270
0,16 Feb 2019,Atlanta Reign,Florida Mayhem,-227,+171
0,15 Feb 2019,Toronto Defiant,Houston Outlaws,-112,-115
0,15 Feb 2019,Shanghai Dragons,Hangzhou Spark,+129,-172
0,15 Feb 2019,Seoul Dynasty,Los Angeles Gladiators,+108,-145
0,15 Feb 2019,New York Excelsior,Boston Uprising,-1111,+604
0,14 Feb 2019,Philadelphia Fusion,London Spitfire,+129,-172
0,19 Apr 2020,Chengdu Hunters,Shanghai Dragons,+277,-400
0,19 Apr 2020,Guangzhou Charge,Hangzhou Spark,+100,-132
0,18 Apr 2020,Shanghai Dragons,Hangzhou Spark,-455,+312
0,18 Apr 2020,Chengdu Hunters,Guangzhou Charge,+147,-196
0,18 Apr 2020,Dallas Fuel,San Francisco Shock,+586,-1111
0,18 Apr 2020,Boston Uprising,Toronto Defiant,+200,-278
0,17 Apr 2020,Florida Mayhem,Paris Eternal,+250,-345
0,17 Apr 2020,Los Angeles Gladiators,Los Angeles Valiant,-222,+166
0,16 Apr 2020,Atlanta Reign,Washington Justice,-1111,+606
0,13 Apr 2020,San Francisco Shock,Los Angeles Gladiators,-204,+154
0,12 Apr 2020,Philadelphia Fusion,Atlanta Reign,-192,+147
0,12 Apr 2020,Houston Outlaws,Toronto Defiant,+131,-172
0,12 Apr 2020,Shanghai Dragons,Guangzhou Charge,-323,+235
0,12 Apr 2020,Chengdu Hunters,Vancouver Titans,+167,-222
0,12 Apr 2020,Washington Justice,Dallas Fuel,-104,-127
0,11 Apr 2020,Houston Outlaws,Boston Uprising,-263,+194
0,11 Apr 2020,Philadelphia Fusion,Paris Eternal,-208,+156
0,11 Apr 2020,Vancouver Titans,Guangzhou Charge,-400,+275
0,11 Apr 2020,Hangzhou Spark,Chengdu Hunters,-122,-110
0,06 Apr 2020,Guangzhou Charge,Hangzhou Spark,-141,+106
0,06 Apr 2020,Chengdu Hunters,Shanghai Dragons,+254,-357
0,05 Apr 2020,Dallas Fuel,Los Angeles Valiant,+209,-286
0,05 Apr 2020,Philadelphia Fusion,Washington Justice,-400,+282
0,05 Apr 2020,Houston Outlaws,Paris Eternal,+138,-182
0,05 Apr 2020,Chengdu Hunters,Guangzhou Charge,-133,+100
0,05 Apr 2020,Shanghai Dragons,Hangzhou Spark,-217,+163
0,04 Apr 2020,Los Angeles Valiant,San Francisco Shock,+194,-294
0,04 Apr 2020,Los Angeles Gladiators,Dallas Fuel,-455,+305
0,04 Apr 2020,Toronto Defiant,Washington Justice,+131,-175
0,30 Mar 2020,Los Angeles Valiant,San Francisco Shock,+382,-625
0,29 Mar 2020,Seoul Dynasty,Los Angeles Gladiators,-104,-127
0,29 Mar 2020,Florida Mayhem,Atlanta Reign,+341,-526
0,29 Mar 2020,Hangzhou Spark,Guangzhou Charge,-196,+145
0,29 Mar 2020,Chengdu Hunters,Shanghai Dragons,+399,-625
0,29 Mar 2020,Seoul Dynasty,Dallas Fuel,-357,+240
0,29 Mar 2020,Florida Mayhem,Washington Justice,+102,-139
0,29 Mar 2020,San Francisco Shock,Los Angeles Gladiators,-435,+354
0,29 Mar 2020,New York Excelsior,Atlanta Reign,-233,+168
0,29 Mar 2020,Seoul Dynasty,Los Angeles Valiant,-333,+243
0,29 Mar 2020,Paris Eternal,London Spitfire,-250,+175
0,29 Mar 2020,Toronto Defiant,Boston Uprising,-345,+245
0,29 Mar 2020,Chengdu Hunters,Hangzhou Spark,+159,-213
0,29 Mar 2020,Guangzhou Charge,Shanghai Dragons,+194,-263
0,08 Mar 2020,Boston Uprising,Atlanta Reign,+525,-1000
0,08 Mar 2020,New York Excelsior,Washington Justice,-417,+284
0,08 Mar 2020,Paris Eternal,Philadelphia Fusion,+254,-370
0,07 Mar 2020,Boston Uprising,Washington Justice,+276,-385
0,07 Mar 2020,Paris Eternal,Houston Outlaws,-476,+324
0,07 Mar 2020,Toronto Defiant,Florida Mayhem,-156,+120
0,01 Mar 2020,Houston Outlaws,Toronto Defiant,+348,-556
0,01 Mar 2020,Florida Mayhem,London Spitfire,+104,-141
0,01 Mar 2020,Atlanta Reign,Paris Eternal,-385,+262
0,01 Mar 2020,Philadelphia Fusion,Boston Uprising,-2000,+821
0,29 Feb 2020,Houston Outlaws,London Spitfire,+800,-1000
0,29 Feb 2020,Atlanta Reign,Toronto Defiant,-233,+175
0,29 Feb 2020,Florida Mayhem,New York Excelsior,+388,-625
0,23 Feb 2020,Washington Justice,London Spitfire,-294,+211
0,23 Feb 2020,Philadelphia Fusion,Toronto Defiant,-417,+278
0,23 Feb 2020,Houston Outlaws,New York Excelsior,+965,-3333
0,22 Feb 2020,Washington Justice,Paris Eternal,-213,+156
0,22 Feb 2020,Houston Outlaws,Boston Uprising,+117,-156
0,22 Feb 2020,Philadelphia Fusion,New York Excelsior,+158,-213
0,16 Feb 2020,Philadelphia Fusion,Florida Mayhem,-233,+172
0,16 Feb 2020,Houston Outlaws,Washington Justice,+189,-263
0,15 Feb 2020,Philadelphia Fusion,Washington Justice,-323,+231
0,15 Feb 2020,Houston Outlaws,Florida Mayhem,+119,-156
0,09 Feb 2020,Dallas Fuel,San Francisco Shock,+674,-1429
0,09 Feb 2020,Vancouver Titans,Los Angeles Valiant,-526,+368
0,09 Feb 2020,New York Excelsior,Boston Uprising,-1429,+643
0,09 Feb 2020,Paris Eternal,London Spitfire,+119,-159
0,08 Feb 2020,Dallas Fuel,Los Angeles Valiant,-143,+108
0,08 Feb 2020,Vancouver Titans,Los Angeles Gladiators,-227,+167
0,08 Feb 2020,New York Excelsior,London Spitfire,-588,+367
0,08 Feb 2020,Paris Eternal,Toronto Defiant,-115,-127
